,nombre,frec,edad_media
5,ANA MARIA,281533,45.4
63,ANA ISABEL,76535,36.4
73,EVA MARIA,62835,34.5
78,ANA BELEN,60841,30.9
244,ANA ROSA,11217,42.2
283,ANA CRISTINA,9260,33.2
360,LUZ MARIA,6643,36.1
488,LUZ MARINA,4260,42.9
506,ANA CARMEN,4013,42.4
622,ANA TERESA,2914,41.9
678,ANA LUISA,2650,42.6
684,ANA LUCIA,2622,31.3
697,ANA PILAR,2575,37.8
714,LUZ DIVINA,2483,51.8
731,ANA VICTORIA,2361,32.5
823,ANA BEATRIZ,2023,33.8
837,ANA VANESA,1967,29.8
840,ANA PAULA,1958,30.1
850,ANA DOLORES,1935,45.7
854,ANA JOSEFA,1925,55.1
974,ANA JESUS,1601,45.9
1009,ANA PATRICIA,1490,30.0
1085,ANA MERCEDES,1354,42.3
1097,ANA LAURA,1326,27.5
1116,ANA ESTHER,1286,37.4
1117,ANA ROCIO,1286,27.7
1118,ANA CAROLINA,1283,27.2
1122,ANA DELIA,1273,41.9
1168,ANA VANESSA,1200,29.7
1288,LUZ ADRIANA,1012,33.5
1320,ANA JOSE,973,39.2
1321,ANA SOFIA,972,25.1
1344,ANA GLORIA,946,41.9
1374,ANA MARGARITA,925,42.4
1379,ANA ELENA,920,34.8
1387,ANA JULIA,907,39.3
1391,ANE MIREN,905,36.0
1445,ANA CECILIA,838,37.3
1470,LUZ ELENA,816,42.2
1489,LUZ DARY,792,44.9
1498,LUZ STELLA,787,44.0
1502,ANA FRANCISCA,782,44.4
1577,ANA GABRIELA,729,22.9
1610,ANA ALICIA,702,29.0
1633,ANA ROSARIO,688,41.7
1640,ANA RAQUEL,684,33.4
1659,ANA LUZ,668,38.6
1683,ANA MILENA,654,34.9
1696,ANA MARTA,643,37.7
1729,ANA CELIA,613,40.2
1768,ANA BELLA,593,38.5
1827,ANA EVA,566,36.3
1852,ANA ANTONIA,553,52.0
1891,EVA CRISTINA,538,32.7
1912,EVA GLORIA,528,31.8
1917,ANA RITA,526,34.8
1922,EVA ISABEL,525,34.4
1960,LUZ MARY,509,45.4
1966,ANA ELISA,506,36.0
2005,ANA LOURDES,493,37.5
2115,ANA MARIA CARMEN,457,57.3
2126,ANA SILVIA,451,39.2
2141,LUZ AMPARO,445,45.7
2148,LUZ MERY,443,44.0
2154,ANA INES,441,35.5
2193,ANA MARINA,430,33.3
2201,ANA GEMA,429,32.1
2219,ANA CONCEPCION,423,45.4
2220,ANA KARINA,423,29.2
2245,ANA BEGOÑA,417,40.9
2261,ANA MANUELA,413,48.7
2278,ANA ESMERALDA,408,42.6
2282,ANA CLARA,407,29.7
2288,ANA CLAUDIA,406,29.3
2306,ANA LORENA,399,28.4
2316,EVA BELEN,396,32.8
2373,ANA M,379,56.4
2460,ANA LIDIA,360,34.8
2526,ANA ESPERANZA,345,36.0
2542,ANA ANGELES,343,42.2
2551,ANA YOLANDA,341,40.8
2574,ANA VIRGINIA,336,35.2
2610,ANA MARIA PILAR,327,55.1
2655,EVA PILAR,321,33.6
2694,ANA CATALINA,314,37.1
2777,ANA ELVIRA,300,41.5
2792,LUZ ANGELA,299,35.3
2797,ANA MATILDE,298,45.5
2807,ANA ELIZABETH,296,31.9
2820,ANA INMACULADA,294,34.8
2846,ANA JOAQUINA,288,53.8
2862,ANA PAOLA,286,24.4
2863,ANA VERONICA,286,31.0
2878,ANA REYES,283,40.9
2951,ANA ASUNCION,273,41.4
2967,ANA EMILIA,271,40.4
2968,ANA RUTH,271,35.0
2981,ANA SOLEDAD,269,37.3
2997,EVA PATRICIA,267,32.1
3040,LUZ ANGELICA,262,39.9
3072,ANA CRUZ,257,43.0
3073,ANA EUGENIA,257,37.7
3075,EVA CARMEN,257,35.6
3083,ANA MILAGROS,255,39.9
3099,ANA MAR,253,29.7
3138,MARIA LUZ DIVINA,248,58.0
3164,ANA AURORA,245,40.2
3185,ANA BERTA,243,43.0
3186,ANA GUADALUPE,243,38.1
3201,ANA AMELIA,241,42.8
3315,EL BATOUL,229,41.4
3338,LUZ CARMEN,226,44.0
3349,ANA OLGA,224,43.7
3367,ANA REMEDIOS,223,41.4
3440,ANA IRENE,218,31.8
3453,ANA CONSUELO,217,41.5
3541,ANA ADELA,210,41.0
3553,ANA AMPARO,209,43.4
3554,ANA BLANCA,209,38.3
3569,ANA MAGDALENA,208,35.2
3596,RUT MARIA,207,28.9
3672,ANA JUANA,201,53.4
3680,LUZ ESTELLA,201,44.5
3701,ANA KAREN,199,19.6
3733,EL GHALIA,197,40.8
3737,EVA ROSA,197,39.8
3774,ANA MARIA ISABEL,194,52.3
3800,ANA ALEJANDRA,192,24.5
3844,ANA NIEVES,189,42.9
3922,EVA LUCIA,184,27.6
3941,LUZ AMERICA,183,45.3
3947,ANA CARLOTA,182,29.2
3948,ANA FE,182,45.4
4012,ANA MONTSERRAT,177,40.1
4071,ADA MARIA,174,31.3
4074,ANA LETICIA,174,30.3
4082,LUZ ALBA,174,37.0
4090,ANA LEONOR,173,40.6
4114,LUZ ESTELA,172,42.8
4125,ANA FELISA,171,47.4
4183,ANA CATARINA,168,20.8
4221,ANA MONICA,166,34.8
4222,ANN MARIE,166,51.2
4226,EVA MARINA,166,30.6
4239,ANA ENCARNACION,165,48.4
4268,ANA RAMONA,163,46.9
4269,ANA SONIA,163,37.7
4346,EVA ANGELINA,159,41.3
4372,ANA MARIA ANGELES,157,55.7
4379,EVA DOLORES,157,34.6
4461,ANA DANIELA,152,24.2
4462,ANA FATIMA,152,34.1
4463,ANN ELIZABETH,152,59.9
4481,ANA AMALIA,151,43.2
4513,ANA MIRIAM,149,32.3
4541,ANA ARACELI,148,40.3
4569,ANA VICENTA,147,49.8
4583,NOUR EL HOUDA,147,12.7
4588,ANA PAZ,146,39.3
4619,MARIA SAN PEDRO,145,64.5
4665,EVA RAQUEL,143,33.2
4713,ANA ESTER,141,37.9
4736,ANA TRINIDAD,140,44.2
4755,ANA ABEL,139,39.1
4815,EVA ANGELES,137,38.2
4832,EVA TERESA,136,35.5
4875,ANA CARINA,134,32.9
4911,EVA ROCIO,133,26.9
4979,ANA ALEXANDRA,131,25.0
4980,ANA CARLA,131,26.7
5006,ANA SUSANA,130,40.4
5035,ANA MARGARIDA,129,26.1
5069,ANA FILIPA,128,23.7
5070,ANA MARY,128,41.8
5071,ANA ROSALIA,128,44.2
5080,EVA VICTORIA,128,31.8
5131,ANA ASCENSION,126,44.6
5146,LUZ NELLY,126,44.8
5160,ANA IRIS,125,27.1
5161,ANA MARIA JESUS,125,59.3
5162,ANA PALOMA,125,36.1
5189,ANA LIA,124,34.5
5203,LUZ VICTORIA,124,41.6
5233,ANA ESTRELLA,123,36.3
5234,ANA SANDRA,123,32.4
5275,ANA ANGELA,122,34.6
5288,LUZ PIEDAD,122,39.6
5306,EVA BEATRIZ,121,35.9
5330,ANA FLOR,120,40.9
5331,ANA SARA,120,28.1
5346,LUZ HELENA,120,41.6
5386,LUZ ANDREA,119,28.4
5409,ANA BEL,118,28.5
5410,ANA PURIFICACION,118,44.2
5439,XIN YI,118,3.7
5445,ANA ESTEFANIA,117,26.3
5483,EVA MERCEDES,116,36.6
5559,AMY LOUISE,114,20.9
5592,EVA MARGARITA,113,40.5
5626,EL ALIA,112,38.2
5706,ANA BARBARA,110,32.6
5707,ANA CANDELARIA,110,39.9
5708,ANA GRACIELA,110,41.0
5725,LUZ PATRICIA,110,38.4
5768,LUZ MYRIAM,109,45.0
5792,ANA ANDREA,108,28.6
5793,ANA GEMMA,108,36.0
5794,ANA JUDITH,108,36.9
5795,ANA MARIA TERESA,108,57.9
5836,EL HASSANIA,107,35.2
5853,LUZ MERCEDES,107,40.7
5918,ANA MARCELA,105,33.2
5932,EVA ESTHER,105,38.1
5933,EVA SUSANA,105,37.3
5965,ANA BELINDA,104,35.8
5966,ANA MARIA DOLORES,104,59.4
6038,LUZ BELEN,103,31.4
6126,LUZ ESTHER,101,44.3
6127,LUZ MIRIAM,101,41.5
6153,ANA MARIA ROSARIO,100,55.3
6169,EVA FRANCISCA,100,37.5
6199,ANA JOSEFINA,99,41.7
6214,EVA LUZ,99,44.6
6301,ANA FERNANDA,97,35.9
6302,ANA VALERIA,97,22.7
6418,LUZ EDITH,95,39.9
6445,ANA REBECA,94,27.7
6471,LUZ AIDA,94,39.2
6495,SOL MARIA,94,37.3
6580,LUZ AMANDA,92,42.8
6581,LUZ MILAGROS,92,33.2
6613,ANA ELISABETH,91,27.1
6614,ANA GRACIA,91,32.3
6615,ANA VALENTINA,91,22.0
6638,LUZ MAR,91,36.4
6669,ANA AGUSTINA,90,46.5
6733,ANA MACARENA,89,25.5
6734,ANA MARIA CRISTINA,89,35.3
6735,ANA SORAYA,89,32.2
6748,EVA YOLANDA,89,37.2
6786,ANA NOELIA,88,27.2
6787,ANA VIOLETA,88,37.3
6926,ANA ANGELICA,86,38.6
6927,ANA PIEDAD,86,41.6
7034,ANA FABIOLA,84,37.5
7035,ANA NATALIA,84,34.2
7053,EVA ROSARIO,84,36.0
7068,LUZ MILA,84,45.2
7098,ANA ELISABET,83,28.4
7173,ANN PATRICIA,82,64.2
7198,EVA LUISA,82,35.5
7216,MARIA ANA JESUS,82,66.9
7270,EVA CAROLINA,81,32.0
7286,LIZ CAROLINA,81,26.4
7336,EVA ELENA,80,34.7
7390,ANA DESIREE,79,23.3
7391,ANA ELOISA,79,38.8
7392,ANA ESTELA,79,32.4
7397,ANN MARGARET,79,60.1
7413,EWA MARIA,79,38.2
7436,LIZ PAOLA,79,22.4
7481,ANA NOEMI,78,29.9
7561,ANA CARIDAD,77,40.7
7562,ANA JESSICA,77,26.9
7563,ANA LUNA,77,14.5
7639,ANA YURENA,76,27.2
7656,EVA ANGELA,76,39.6
7705,ANA LILIA,75,39.6
7751,LUZ KARIME,75,25.4
7916,EVA M,73,33.4
7917,EVA SOFIA,73,23.7
7918,FE ESPERANZA,73,61.2
7934,LUZ AURORA,73,47.8
7977,ANA RAFAELA,72,43.6
7994,EVA LAURA,72,29.7
8012,LUZ ENITH,72,40.2
8129,NOA MARIA,71,12.2
8155,ANA LORETO,70,31.4
8181,JIA YI,70,4.5
8190,LUZ MARIELA,70,43.0
8243,ANA REGINA,69,38.7
8267,EVA MONICA,69,36.7
8353,ANA BELA,68,42.1
8354,ANA MARIA LUISA,68,54.2
8355,ANA PAULINA,68,33.9
8464,ANA CORAL,67,34.4
8465,ANA LUIZA,67,20.5
8466,ANA VALME,67,24.4
8576,ANA AURELIA,66,44.0
8577,ANA MARIANA,66,42.6
8578,ANA NATIVIDAD,66,46.2
8630,LUZ ESPERANZA,66,44.8
8695,ANA ALMUDENA,65,31.8
8696,ANA OLIVA,65,42.7
8718,EL OUAZNA,65,48.3
8727,EVA INMACULADA,65,35.4
8728,EVA LUNA,65,11.2
8760,LUZ CARIME,65,33.5
8761,LUZ VERONICA,65,32.9
8827,ANA COVADONGA,64,31.8
8852,EVA JOSE,64,36.1
8872,LUZ ANGELES,64,48.2
8933,ANA AVELINA,63,40.0
8934,ANA BERTHA,63,44.4
8935,ANA MIHAELA,63,27.6
8965,EVA MAR,63,28.0
9058,ANA ELIA,62,39.4
9059,ANA EULALIA,62,40.9
9060,ANA LUCRECIA,62,39.2
9061,ANA MARIA CONCEPCION,62,59.0
9084,EVA INES,62,37.0
9148,PAZ MARIA,62,39.3
9185,ANA FELICIDAD,61,42.1
9186,ANA GLADYS,61,45.8
9187,ANA PETRA,61,53.6
9307,ANA MARTINA,60,37.6
9310,ANN CHRISTINE,60,55.9
9389,LUZ MARGARITA,60,44.6
9458,ANA LILIANA,59,36.4
9459,ANA NEREA,59,20.4
9482,FE MARIA,59,48.8
9593,ANA TAMARA,58,24.3
9594,ANA VALLE,58,35.3
9622,EVA MANUELA,58,34.4
9700,ANA MIRIAN,57,33.8
9701,ANA NURIA,57,36.4
9729,EL KBIRA,57,41.5
9833,ANA CINTA,56,34.0
9904,LIZ MABEL,56,25.4
9911,LUZ YANETH,56,38.9
9990,ANA ELSA,55,39.2
10034,EVA ENCARNACION,55,36.2
10063,LIZ MARIELA,55,24.2
10144,ANA FLAVIA,54,25.9
10145,ANA MARIBEL,54,34.7
10184,EVA ANTONIA,54,38.0
10185,EVA JESUS,54,39.5
10310,ANA LIZ,53,27.0
10311,ANA MARIA BEGOÑA,53,56.4
10312,ANA PINO,53,36.0
10313,ANA YSABEL,53,35.8
10363,EVA ANA,53,36.3
10364,EVA VANESA,53,30.1
10480,ANA MARIA JOSEFA,52,61.4
10522,EVA LOURDES,52,34.3
10734,LUZ ADIELA,51,42.8
10735,LUZ ELIANA,51,34.8
10736,LUZ MIRYAM,51,45.5
10743,MARIA LUZ DARY,51,50.9
10783,RUS MARIA,51,25.7
10819,ADA LUZ,50,36.2
10831,ANA ADORACION,50,41.7
10832,ANA CORINA,50,33.3
10833,ANA FLORA,50,43.4
10834,ANA MICAELA,50,34.1
10835,ANA SARAY,50,16.7
10871,EVA CONCEPCION,50,35.8
11019,ANA ALBA,49,22.9
11020,ANA FLORENTINA,49,40.9
11021,ANA HILDA,49,45.2
11022,ANA MARIA MAR,49,46.7
11023,ANA MARITZA,49,41.1
11094,LIZ MARLENE,49,25.7
11195,ANA CAROLA,48,31.8
11196,ANA JACQUELINE,48,37.6
11251,EVA VANESSA,48,30.8
11394,ANA ADELINA,47,43.7
11395,ANA GREGORIA,47,48.7
11396,ANA HELENA,47,26.4
11397,ANA MARIA VICTORIA,47,54.1
11398,ANA MIREYA,47,35.8
11399,ANA SIMONA,47,30.4
11442,EL KAMLA,47,45.5
11455,EZ ZAHRA,47,33.2
11457,FATIMA EZ ZAHRA,47,16.2
11628,ANA CAMILA,46,15.0
11629,ANA CANDIDA,46,48.8
11630,ANA FLORENCIA,46,34.2
11631,ANA GEORGINA,46,39.7
11632,ANA LUCILA,46,45.5
11633,ANA MARIA LOURDES,46,53.5
11844,ANA ANGUSTIAS,45,41.9
11845,ANA AZUCENA,45,41.6
11846,ANA BENITA,45,49.5
11847,ANA FELICIA,45,40.1
11848,ANA JULIANA,45,48.1
11849,ANA MARIA ELENA,45,38.4
11850,ANA MARIA MERCEDES,45,50.7
11890,EVA NATALIA,45,30.1
11933,LUZ ENID,45,43.8
11934,LUZ NANCY,45,43.1
11935,LUZ TERESA,45,49.1
12051,ANA ARANZAZU,44,38.2
12052,ANA BELKIS,44,36.6
12053,ANA MARIA CRUZ,44,55.5
12054,ANA PASTORA,44,44.9
12055,ANA VIRTUDES,44,40.0
12095,EL KHAMSSA,44,37.8
12169,LUZ BELLA,44,44.3
12170,LUZ ISABEL,44,41.5
12171,LUZ MABEL,44,29.1
12297,AMY ELIZABETH,43,26.2
12298,ANA CELESTE,43,25.9
12299,ANA MARIA BELEN,43,44.7
12300,ANA NAZARET,43,18.9
12355,EL KHAMSA,43,44.4
12364,EVA VIRGINIA,43,31.9
12411,LUZ ELVIRA,43,44.0
12412,LUZ MARIBEL,43,33.5
12533,ANA ALINA,42,27.8
12534,ANA HERMINIA,42,45.1
12535,ANA JIMENA,42,25.5
12536,ANA ROXANA,42,25.3
12537,ANA SABINA,42,29.3
12538,ANA SHEILA,42,25.7
12542,ANN MARIA,42,54.5
12599,EVA IRENE,42,33.0
12600,EVA LORENA,42,25.9
12601,EVA MARTA,42,34.4
12659,LUZ DELIA,42,41.9
12660,LUZ FANNY,42,45.5
12782,ANA GERTRUDIS,41,50.9
12790,ANN MARY,41,60.4
12835,EVA MARIE,41,44.1
12836,EVA MONTSERRAT,41,35.3
12838,EWA ANNA,41,37.3
12853,IDA MARIA,41,46.5
12894,LUZ MARLENY,41,46.0
12895,LUZ PILAR,41,43.7
13031,ANA BRIGIDA,40,47.1
13032,ANA MABEL,40,35.5
13033,ANA MAITE,40,36.4
13034,ANA SALUD,40,32.4
13167,LIZ KARINA,40,25.4
13300,ANA MARIA ALEXANDRA,39,13.0
13301,ANA MARIA ROSA,39,56.7
13302,ANA MARIELA,39,34.6
13316,AVE MARIA,39,42.8
13365,EVA JULIA,39,38.1
13366,EVA VERONICA,39,31.3
13370,EWA BARBARA,39,39.0
13586,ANA ADRIANA,38,32.2
13587,ANA AROA,38,21.3
13588,ANA MARLENE,38,34.8
13676,EVA ASUNCION,38,35.8
13746,LUZ AMELIA,38,45.8
13747,LUZ CRISTINA,38,35.3
13748,LUZ ROCIO,38,27.1
13905,XIN YU,38,4.1
13932,ANA DAVINIA,37,26.9
13933,ANA ENRIQUETA,37,47.6
13934,ANA IRINA,37,26.9
13935,ANA RUS,37,29.8
14021,ES SAADIA,37,37.2
14031,EVA RUTH,37,36.2
14100,LUZ EDILMA,37,46.0
14101,LUZ ESTRELLA,37,40.8
14277,ANA DACIL,36,32.4
14278,ANA FUENSANTA,36,34.8
14279,ANA LIBERTAD,36,27.8
14280,ANA MARIA JOSE,36,55.0
14281,ANA MARISOL,36,33.2
14282,ANA PALMIRA,36,40.3
14283,ANA SOL,36,31.1
14358,EVA ALICIA,36,34.4
14359,EVA MATILDE,36,39.4
14360,EVA NOELIA,36,30.4
14439,LUZ RAQUEL,36,38.5
14597,ZOE MARIA,36,10.4
14615,ANA AFRICA,35,33.1
14616,ANA LILIAN,35,34.9
14617,ANA TEODORA,35,47.4
14618,ANA YAIZA,35,22.7
14619,ANA ZORAIDA,35,31.6
14712,EVA ALEJANDRA,35,22.8
14713,EVA ASCENSION,35,37.4
14714,EVA CECILIA,35,35.3
14715,EVA ESPERANZA,35,34.9
14808,LUZ AMADA,35,45.6
14809,LUZ IRENE,35,36.8
14810,LUZ MARLENE,35,38.4
14811,LUZ NIDIA,35,43.3
15004,ANA ADELAIDA,34,32.5
15005,ANA DILIA,34,44.7
15006,ANA ELBA,34,40.6
15007,ANA MONSERRAT,34,38.4
15008,ANA NICOLETA,34,28.4
15009,ANA OFELIA,34,44.7
15010,ANA SOCORRO,34,45.5
15105,EVA JOSEFA,34,41.7
15106,EVA MAGDALENA,34,35.1
15107,EWA KATARZYNA,34,32.5
15151,JIA JIA,34,8.5
15189,LIZ NOELIA,34,25.7
15196,LUZ AMALIA,34,43.1
15391,ALEXANDRA ANA MARIA,33,9.0
15404,ANA AUXILIADORA,33,25.8
15405,ANA DIANA,33,24.7
15406,ANA LINA,33,42.1
15407,ANA MARIA ASUNCION,33,58.6
15408,ANA MARIA NIEVES,33,60.4
15513,EVA BIRGITTA,33,61.4
15514,EVA CATALINA,33,36.9
15605,LIZ MARIA,33,24.7
15614,LUZ AYDA,33,36.7
15615,LUZ CLARA,33,39.2
15806,ANA CONSOLACION,32,40.3
15807,ANA LOREDANA,32,25.8
15808,ANA LYDIA,32,36.8
15809,ANA MARAVILLAS,32,38.1
15810,ANA OLIVIA,32,35.5
15811,ANA SALOME,32,33.7
15815,ANE LORE,32,37.6
15909,EVA ELIZABETH,32,31.4
15910,EVA PALOMA,32,34.6
15979,JIA HUI,32,4.9
16017,LUZ ALEJANDRA,32,26.5
16018,LUZ ELIZABETH,32,34.5
16019,LUZ JANETH,32,39.3
16020,LUZ MARITZA,32,41.4
16032,MARIA ANA ISABEL,32,49.5
16214,ANA BOLENA,31,40.5
16215,ANA CRISTO,31,36.2
16216,ANA DELFINA,31,38.0
16217,ANA EDITH,31,43.4
16218,ANA ERIKA,31,25.7
16219,ANA EVELIA,31,47.7
16220,ANA GORETTI,31,32.9
16221,ANA LIDON,31,37.1
16222,ANA MARIA LUZ,31,59.2
16223,ANA MARIA PAZ,31,58.1
16224,ANA SAGRARIO,31,45.1
16230,ANE ELIXABETE,31,43.5
16336,EVA ELISABETH,31,53.5
16337,EVA EUGENIA,31,36.5
16338,EVA LETICIA,31,30.8
16699,ANA DESIRE,30,26.4
16700,ANA IOANA,30,26.4
16701,ANA MARIA REYES,30,52.8
16702,ANA MILAGROSA,30,36.1
16703,ANA YANIRA,30,24.1
16778,CRISTINA ANA MARIA,30,21.4
16835,EVA ALEXANDRA,30,20.3
16837,EWA ELZBIETA,30,38.3
16946,LUZ EUGENIA,30,40.6
16947,LUZ MIREYA,30,38.8
16948,LUZ MIRIAN,30,42.1
16949,LUZ VIRGINIA,30,34.8
16950,LUZ VIVIANA,30,29.6
17160,ZOE LOUISE,30,26.8
17189,ANA DEBORA,29,35.1
17190,ANA DESAMPARADOS,29,46.2
17191,ANA ICIAR,29,36.7
17192,ANA IONELA,29,25.7
17193,ANA MARIA ROCIO,29,43.7
17194,ANA MELISA,29,23.2
17227,BAT SEBA,29,24.3
17307,EL FAIZA,29,39.1
17329,EVA ANGELICA,29,39.1
17330,EVA MILAGROS,29,35.0
17331,EVA PAULA,29,31.7
17404,JIA QI,29,4.6
17405,JIA XIN,29,5.6
17472,LUZ GEMA,29,31.2
17473,LUZ KARINA,29,26.8
17715,AMY JANE,28,18.6
17716,ANA AGUEDA,28,42.2
17717,ANA AIDA,28,33.4
17718,ANA CLOTILDE,28,46.7
17719,ANA FILOMENA,28,41.8
17720,ANA GEORGIANA,28,19.3
17721,ANA ITZIAR,28,26.5
17722,ANA JUDIT,28,30.3
17723,ANA LIGIA,28,39.5
17724,ANA MARIA MILAGROS,28,57.9
17725,ANA OBDULIA,28,41.3
17726,ANA RUT,28,26.7
17842,EL KEBIRA,28,44.8
17862,EVA CRUZ,28,43.1
17863,EVA LEONOR,28,39.7
17985,LIZ NATALIA,28,23.9
18001,LUZ LUNA,28,18.7
18320,ANA EMMA,27,41.0
18321,ANA FELIPA,27,57.1
18322,ANA GENOVEVA,27,35.9
18323,ANA HORTENSIA,27,46.3
18324,ANA JUSTA,27,57.4
18325,ANA MARIA MAGDALENA,27,44.1
18326,ANA RALUCA,27,20.2
18327,ANA SALVADORA,27,51.4
18336,ANE MAITE,27,39.9
18467,EVA CHRISTINA,27,50.5
18468,EVA MARIA PILAR,27,39.4
18639,LUZ AYDEE,27,43.2
18640,LUZ GABRIELA,27,22.4
18670,MARIA LUZ PILAR,27,60.5
18852,WEI WEI,27,27.1
18905,ANA ABIGAIL,26,23.2
18906,ANA ALTAGRACIA,26,37.8
18907,ANA CAROLINE,26,15.0
18908,ANA CELI,26,45.9
18909,ANA GISELA,26,26.8
18910,ANA GUILLERMINA,26,45.5
18911,ANA JACINTA,26,56.1
18912,ANA JENNIFER,26,25.2
18913,ANA LARA,26,28.3
18914,ANA LIS,26,22.9
18915,ANA MODESTA,26,51.0
18916,ANA MYRIAM,26,42.1
18917,ANA YASMINA,26,27.5
19057,EL AZIZA,26,44.9
19058,EL HACHMIA,26,45.8
19088,EVA AMPARO,26,37.4
19089,EVA AURORA,26,33.0
19090,EVA CANDELARIA,26,33.0
19091,EVA KRISTINA,26,54.3
19092,EVA NURIA,26,35.0
19232,LIZ VERONICA,26,26.7
19243,LUZ ASTRID,26,39.8
19244,LUZ BEGOÑA,26,41.0
19245,LUZ BENIGNA,26,46.8
19246,LUZ EMILIA,26,44.4
19376,OUM EL KHEIR,26,40.8
19547,ANA BALBINA,25,47.5
19548,ANA BIANCA,25,17.7
19549,ANA CANDELA,25,9.4
19550,ANA CASILDA,25,43.8
19551,ANA DORIS,25,45.7
19552,ANA ELIZABET,25,26.3
19553,ANA ESTIBALIZ,25,30.5
19554,ANA GRISELDA,25,39.3
19555,ANA IRMA,25,42.5
19556,ANA JESICA,25,25.5
19557,ANA LIZETH,25,28.6
19558,ANA MARIA SOLEDAD,25,57.2
19559,ANA YESICA,25,26.7
19672,EL YAKOUT,25,34.9
19697,EVA BEGOÑA,25,42.0
19698,EVA NOEMI,25,36.1
19848,LIA MARIA,25,28.2
19863,LIZ LORENA,25,26.3
19878,LUZ CAROLINA,25,27.9
19879,LUZ CONSUELO,25,45.9
20166,YU XIN,25,3.8
20214,ANA CAMELIA,24,33.3
20215,ANA ELVIA,24,58.3
20216,ANA ENGRACIA,24,42.6
20217,ANA MARCELINA,24,51.6
20218,ANA MARIA ANTONIA,24,56.5
20219,ANA MARIA FRANCISCA,24,64.1
20220,ANA MARIA ROXANA,24,16.2
20221,ANA TOMASA,24,49.1
20222,ANA VEGA,24,39.3
20223,ANA VIORICA,24,35.3
20281,BIANCA ANA MARIA,24,8.3
20375,EL OUIZA,24,38.3
20404,EVA ANDREA,24,29.4
20405,EVA MARGARETA,24,60.0
20408,EWA MALGORZATA,24,39.5
20569,LIZ FABIOLA,24,23.2
20584,LUZ ESMERALDA,24,37.2
20900,ADA MARINA,23,42.4
20944,ANA LORENZA,23,48.9
20945,ANA MARIA CONSUELO,23,60.1
20946,ANA MARIA GABRIELA,23,19.3
20947,ANA MARIA MARGARITA,23,59.6
20948,ANA MICHELLE,23,11.4
20949,ANA NARCISA,23,41.6
20950,ANA PRISCILA,23,24.0
20951,ANA TATIANA,23,28.8
20952,ANA YESSICA,23,27.3
20961,ANDREEA ANA MARIA,23,12.5
20970,ANN CATHERINE,23,57.2
20980,ARA MARIA,23,21.4
21108,DENISA ANA MARIA,23,8.9
21153,EVA CLARA,23,35.3
21154,EVA PIEDAD,23,31.9
21155,EVA SARA,23,32.7
21297,LEA MARIA,23,32.8
21330,LUZ ALEXANDRA,23,29.8
21331,LUZ ANA,23,34.4
21332,LUZ FATIMA,23,33.0
21333,LUZ INES,23,52.9
21334,LUZ OFELIA,23,47.5
21508,OUM KALTOUM,23,39.5
21693,YI XIN,23,2.8
21754,ANA AMOR,22,36.7
21755,ANA AZAHARA,22,20.7
21756,ANA CATERINA,22,24.5
21757,ANA DORINA,22,36.4
21758,ANA FELIX,22,43.2
21759,ANA KARLA,22,20.7
21760,ANA MARIA FATIMA,22,47.2
21761,ANA MINERVA,22,30.3
21762,ANA MIRELLA,22,30.8
21763,ANA TULIA,22,51.5
21764,ANA VISITACION,22,35.5
21789,ANN CHRISTIN,22,39.7
21790,ANN LOUISE,22,51.3
22051,ISABEL ANA MARIA,22,47.7
22160,LIZ ANDREA,22,20.3
22161,LIZ MERCEDES,22,26.5
22184,LUZ BEATRIZ,22,40.6
22185,LUZ FABIOLA,22,38.7
22186,LUZ MELIDA,22,43.1
22187,LUZ ROSARIO,22,46.4
22438,ROS MERY,22,33.6
22544,XIN YUE,22,4.0
22575,ADA ISABEL,21,29.6
22623,ANA CELINA,21,41.5
22624,ANA CONCEIÇAO,21,50.1
22625,ANA ISIDORA,21,44.5
22626,ANA IULIANA,21,27.6
22627,ANA JESUSA,21,50.6
22628,ANA LISA,21,26.4
22629,ANA MARIE,21,30.5
22630,ANA MARISA,21,33.2
22631,ANA MELISSA,21,23.0
22632,ANA MIRELA,21,30.6
22633,ANA PAMELA,21,21.3
22634,ANA SANTOS,21,47.6
22864,EVA ANGELINES,21,40.8
22865,EVA ESMERALDA,21,32.7
22866,EVA JUANA,21,40.9
22867,EVA REMEDIOS,21,32.2
22868,EVA TAMARA,21,28.9
22940,INA MARIA,21,41.5
22990,JO ANNE,21,42.0
23026,KIM ELIZABETH,21,47.8
23056,LIZ ROSSANA,21,25.4
23077,LUZ ANTONIA,21,47.7
23078,LUZ CELESTE,21,33.8
23479,ADA BEATRIZ,20,42.4
23480,ADA CRISTINA,20,32.3
23517,ANA AMERICA,20,42.9
23518,ANA ARGENTINA,20,52.2
23519,ANA BIENVENIDA,20,45.6
23520,ANA FERMINA,20,53.5
23521,ANA GABRIEL,20,12.6
23522,ANA GLADIS,20,39.5
23523,ANA LIBIA,20,46.0
23524,ANA MARIA ANDREEA,20,14.0
23525,ANA MARIA DANIELA,20,17.1
23526,ANA MARIA ESTHER,20,54.7
23527,ANA MARIA FLORENTINA,20,26.1
23528,ANA MARIA GUADALUPE,20,53.2
23529,ANA MARIA LAURA,20,45.0
23530,ANA RUFINA,20,44.0
23531,ANA SARAI,20,19.1
23532,ANA VITORIA,20,23.0
23745,EL MOFADDALA,20,43.7
23794,ES SADIA,20,39.7
23812,EVA ELVIRA,20,34.1
23813,EVA ESTEFANIA,20,31.6
23814,EVA NIEVES,20,39.0
23815,EVA SANDRA,20,34.2
23816,EVA SONIA,20,37.8
23929,JO ANN,20,41.0
24018,LIZ PATRICIA,20,26.4
24042,LUZ BELINDA,20,39.5
24043,LUZ CANDELARIA,20,40.4
24044,LUZ DAMARIS,20,37.5
24045,LUZ DARI,20,42.9
24046,LUZ MARCELA,20,36.9
24047,LUZ MARIANA,20,34.1
24048,LUZ VANESSA,20,27.0
24049,LUZ YOLANDA,20,44.6
24310,RUT NOEMI,20,25.6
24367,SOL ANGEL,20,37.5
24449,XIN YAN,20,4.6
24490,ZOE MARIE,20,20.3
25055,JON ANDER,2919,21.8
25193,EL HASSAN,2135,40.9
25428,EL MOSTAFA,1386,39.1
25696,EL MUSTAPHA,952,35.9
25798,EL BACHIR,854,38.6
25916,EL HASSANE,762,41.2
25947,EL MILOUD,740,39.4
26026,EL HABIB,696,34.7
26052,JON ANDONI,680,36.6
26128,EL MEHDI,637,23.5
26229,EL MOKHTAR,590,40.2
26288,RUI MANUEL,564,37.8
26374,EL HOUSSINE,529,37.8
26447,JON IÑAKI,505,42.8
26507,JON MIKEL,484,30.0
26610,EL HOUCINE,453,35.0
26639,EL MAHDI,445,27.1
26802,JON JOSEBA,395,41.2
26848,EL ARBI,385,39.5
26977,EL MAHJOUB,356,38.0
27333,RUI MIGUEL,300,29.7
27542,ION ANDER,275,25.0
27670,EL HADJI,260,35.8
27686,SID AHMED,259,34.2
27786,JON IMANOL,249,34.9
27871,EL MOSTAPHA,241,36.9
27895,EL MOULOUDI,239,38.3
27922,EL HADI,237,44.2
27996,EL AID,231,38.9
28195,EL HOUSSAIN,214,36.9
28352,M HAMED,204,40.8
28430,EL HOUSSAINE,198,32.5
28471,EL AMIN,196,37.1
28652,EL HAJ,185,41.6
28697,EL KHALIL,182,35.6
28833,EL HOSSAIN,175,38.6
29057,EL MAMOUN,164,38.2
29161,EL ALAMI,159,36.6
29233,JON KEPA,156,34.5
29466,EL HADJ,146,38.1
29691,EL AYACHI,138,42.6
29692,EL MAATI,138,37.9
29755,EL YAMANI,136,36.7
29759,IAN DAVID,136,45.0
29797,JON KOLDO,135,37.8
29906,EL KBIR,131,41.7
29921,RUI PEDRO,131,30.2
29962,EL BEKKAY,129,35.6
30035,EL HACHMI,127,41.2
30038,ION DANIEL,127,31.2
30039,ION MARIUS,127,30.3
30078,ION ADRIAN,126,30.8
30141,EL MILOUDI,124,39.5
30185,EL MAHFOUD,123,36.7
30188,ES SAID,123,33.9
30352,JON MIRENA,119,46.3
30560,ION CRISTIAN,114,31.3
30647,EL MATI,112,42.4
30810,RUI JORGE,109,35.7
30977,SID ALI,105,32.8
31113,ION FLORIN,102,30.7
31391,EL HOUSSEIN,97,38.8
31396,IAN ROBERT,97,50.8
31453,JON KOLDOBIKA,96,40.9
31495,FCO JAVIER,95,44.2
31509,IAN JAMES,95,45.4
31643,ION MARIAN,93,31.6
31678,SI MOHAMED,93,35.6
32075,EL MADANI,86,38.6
32076,EL MEKKI,86,40.5
32221,DAN IOAN,84,32.7
32307,EL YAZID,83,35.0
32318,ION GABRIEL,83,30.9
32322,JAN ERIK,83,55.5
32382,EL MOUSTAPHA,82,38.0
32419,MOR TALLA,82,33.5
32474,IAN MICHAEL,81,46.5
32749,ION CATALIN,78,31.0
32829,F XAVIER,77,50.7
32860,M HAMMED,77,44.6
32892,ALI SALEM,76,33.2
32897,AZ EDDINE,76,27.9
33006,EL HOUARI,75,41.2
33217,ION ALEXANDRU,73,23.1
33341,MOHAMED EL AMINE,72,21.6
33409,EL AMINE,71,35.3
33504,DAN CRISTIAN,70,27.8
33619,EL MOFADDAL,69,40.7
33658,M BAREK,69,38.8
33842,DAN ADRIAN,67,27.7
33852,EL HOUSSIN,67,36.4
33853,EL KEBIR,67,42.4
33891,JON KARLA,67,43.7
34110,EL KHADIR,65,40.6
34217,YON ANDER,65,28.5
34326,AL LAL,63,55.2
34354,EL GHAZI,63,37.3
34379,ION VIOREL,63,37.0
34526,JON GURUTZ,62,38.8
34621,DAN FLORIN,61,31.0
34787,IAN JOHN,60,53.5
34841,PAU JOSEP,60,22.2
34903,DAN ALEXANDRU,59,25.1
34941,IAN ALEXANDER,59,36.1
34944,ION SORIN,59,34.8
35004,RUI FILIPE,59,27.9
35095,ION COSMIN,58,26.6
35096,ION MIKEL,58,28.2
35107,JIA HAO,58,5.8
35224,DAN MIHAI,57,30.0
35225,DAN VASILE,57,32.4
35235,EL KHATIR,57,39.1
35267,IAN WILLIAM,57,57.1
35382,EL JILALI,56,40.0
35383,EL MOUKHTAR,56,40.2
35587,ION IÑAKI,55,43.8
35763,JAN CARLOS,54,12.8
35773,JON ALEXANDER,54,24.8
35816,NOR EDDINE,54,35.2
36241,EL GHALI,51,35.7
36263,IAN RICHARD,51,52.5
36267,ION IULIAN,51,32.0
36391,DAN NICOLAE,50,30.6
36404,EL MUSTAFA,50,36.3
36439,ION VALENTIN,50,29.8
36608,EL HADJI MALICK,49,31.1
36719,RUI ALEXANDRE,49,28.7
37048,JON PATXI,47,41.1
37241,EL ARABI,46,34.7
37284,ION LUCIAN,46,32.0
37346,MOHAMED EL AMIN,46,18.0
37368,ROY WILLIAM,46,64.2
37500,FRC JAVIER,45,39.7
37517,IAN CHARLES,45,54.3
37526,JAN WILLEM,45,56.7
37539,JON PAUL,45,32.7
37555,LEE JOHN,45,38.4
37687,ALI REZA,44,43.0
37800,JON IKER,44,28.9
37986,DAN ANDREI,43,22.3
37987,DAN CONSTANTIN,43,31.1
38011,EL GHAZOUANI,43,39.1
38012,EL MAMOUNE,43,37.4
38057,JAN MARC,43,11.6
38074,JON GOTZON,43,42.0
38229,DAN GABRIEL,42,26.3
38290,ION LAURENTIU,42,30.7
38308,JIA JUN,42,7.1
38309,JIA LE,42,7.2
38314,JON AINGERU,42,31.0
38363,MOHAMMED EL AMINE,42,23.5
38551,JAN HENDRIK,41,55.8
38585,JUN HAO,41,3.8
38586,JUN JIE,41,7.7
38779,EL OUALI,40,30.3
38866,JON AITOR,40,33.3
38887,LEE JAMES,40,33.3
38979,ZINE EL ABIDINE,40,32.1
39091,IAN PAUL,39,40.1
39095,ION ANDONI,39,35.5
39096,ION BOGDAN,39,26.0
39097,ION DANUT,39,34.5
39144,LEE ANTHONY,39,37.9
39187,PAU FRANCESC,39,20.4
39217,RUI JOSE,39,39.9
39394,IAN THOMAS,38,46.8
39421,JON XABIER,38,23.5
39454,LEE DAVID,38,35.8
39699,ION IMANOL,37,35.2
39710,JAN PETER,37,45.2
39731,JON JOSU,37,42.8
39732,JON UGUTZ,37,42.1
39841,RUI PAULO,37,36.9
39963,DAN GHEORGHE,36,35.4
40156,PAU JOAN,36,21.8
40203,RUI ANTONIO,36,38.0
40310,DAN MARIAN,35,26.4
40409,IAN CHRISTOPHER,35,45.1
40413,ION ALIN,35,27.5
40414,ION CONSTANTIN,35,34.1
40415,ION VASILE,35,32.1
40549,RUI FERNANDO,35,39.0
40615,ALI RAZA,34,21.6
40704,EL HAMID,34,43.1
40705,EL MAHI,34,38.4
40764,IAN STUART,34,51.8
40769,ION CIPRIAN,34,28.5
40904,PAU ANTONI,34,19.5
41005,AL HASSAN,33,40.3
41104,EL HOUCEIN,33,39.5
41105,EL MOFADAL,33,42.7
41119,F JAVIER,33,31.2
41289,PAU MIQUEL,33,17.6
41316,ROY JOHN,33,62.0
41502,EL HAOUARI,32,39.2
41503,EL HOUSSEINE,32,36.8
41590,JAN POL,32,4.8
41919,EL FADIL,31,39.3
41920,EL HAFED,31,37.9
41921,EL OUAFI,31,38.2
41972,GIL ANTONIO,31,47.9
41973,GIL MANUEL,31,43.7
42358,DAN DUMITRU,30,31.0
42359,DAN MARIUS,30,28.2
42396,EL MAKKI,30,40.2
42473,IAN GEORGE,30,57.3
42476,ION GHEORGHE,30,37.4
42732,ABU BAKAR,29,17.9
42796,BEN YOUSSEF,29,45.3
42849,DAN STEFAN,29,28.2
42965,ION CLAUDIU,29,30.8
43152,RAJ KUMAR,29,36.7
43170,ROY EDWARD,29,68.7
43172,RUI FELIPE,29,27.0
43257,ABU BAKR,28,5.3
43535,JON ENDIKA,28,26.4
43622,MD ABDUL,28,30.7
43637,MOHAMED EL ARBI,28,30.8
43652,NOE JESUS,28,31.5
43800,YAN CARLOS,28,21.4
44075,ION DUMITRU,27,37.5
44076,ION NICOLAE,27,36.6
44077,ION STEFAN,27,31.7
44122,JOE LUIS,27,34.8
44232,MOHAMED EL MOCTAR,27,39.6
44262,PAU XAVIER,27,20.8
44579,EL HAFID,26,43.5
44580,EL HOCINE,26,36.0
44675,IAN ANDREW,26,46.2
44685,ION MIHAI,26,33.6
44698,JAN MICHAEL,26,32.1
44835,MOH SALEM,26,37.0
44904,RUI ALBERTO,26,44.5
45136,DAN IONUT,25,24.0
45185,EL AKIL,25,43.6
45186,EL HOUSSIEN,25,44.4
45294,IAN MARTIN,25,43.2
45303,ION DRAGOS,25,30.3
45304,ION EUGEN,25,34.9
45520,PAU LLUIS,25,24.9
45532,PER ERIK,25,57.9
45711,ALI HASSAN,24,19.4
45765,BEN AISSA,24,42.8
45856,EL HACEN,24,35.6
45857,EL HOUCIN,24,34.9
45858,EL KHAMISS,24,29.3
45966,ION GURUTZ,24,39.8
45967,ION LIVIU,24,33.5
45968,ION OVIDIU,24,35.5
45969,ION SEBASTIAN,24,29.6
46018,JON ASIER,24,29.1
46019,JON KARLOS,24,34.7
46068,KAI UWE,24,39.9
46082,LEE MICHAEL,24,36.7
46256,ROY DAVID,24,57.1
46260,RUI CARLOS,24,39.0
46282,SI MOHAMMED,24,33.1
46517,DAN SORIN,23,37.0
46571,EL MOUSTAFA,23,38.3
46626,FRC XAVIER,23,43.2
46690,IAN EDWARD,23,51.6
46722,JAN OLOF,23,65.2
46768,JON ERRAMUN,23,40.1
46852,M ANGEL,23,25.5
47038,ROY JAMES,23,63.0
47148,AL AMIN,22,25.4
47224,BEN ABDELLAH,22,41.5
47225,BEN AHMED,22,43.1
47293,DAN IULIAN,22,28.2
47348,EL HOSSEIN,22,39.3
47482,IAN GABRIEL,22,6.2
47483,IAN PETER,22,51.0
47496,ION CORNEL,22,33.7
47538,JIA CHENG,22,5.7
47559,JON IÑIGO,22,26.2
47630,LEE ANDREW,22,32.5
47780,PAU ALBERT,22,15.0
47951,YON ANDONI,22,42.1
48171,DAN LUCIAN,21,25.9
48228,EL AMRANI,21,38.5
48229,EL BEKKAYE,21,40.6
48230,EL HACHEMI,21,38.3
48231,EL HADJI MAMADOU,21,32.8
48232,EL HASSEN,21,37.7
48233,EL KHAMIS,21,33.3
48322,GIL JOSE,21,49.3
48344,HAO JIE,21,8.2
48375,IAN KEITH,21,59.2
48387,ION AUREL,21,34.5
48388,ION CRISTINEL,21,32.8
48389,ION DAN,21,37.7
48433,JAN PAWEL,21,26.1
48447,JIA XIANG,21,5.4
48469,JON MIREN,21,42.4
48688,PER OLOF,21,63.4
48699,PIO JOSE,21,56.5
48808,SIF EDDINE,21,21.6
48916,ZI HAO,21,2.5
49176,EL AZIZ,20,34.8
49177,EL GHARRAS,20,30.7
49178,EL HASAN,20,39.0
49179,EL HOSSAINE,20,34.9
49351,ION MIRCEA,20,41.3
49366,IVO JOSE,20,30.3
49686,PAU MARIA,20,49.1
49709,PIO MANUEL,20,47.4
49782,ROY ALAN,20,59.6
49783,ROY CHARLES,20,63.5
49922,YI FAN,20,12.8
49926,YON MIKEL,20,28.3